{
  "widgetId": "widget_x",
  "config": {
		"layouts": {
			"layout_25": {
				"type": "FIXED",
				"content": {
					"4": {
						"type": "WIDGET",
						"bbox": {
							"left": "5%",
							"right": "5%",
							"top": "66.2636%",
							"bottom": "95px",
							"width": "90%",
							"height": "9.8618%"
						},
						"widgetId": "widget_155",
						"setting": {
							"vCenter": false,
							"hCenter": false
						},
						"isPending": false
					},
					"5": {
						"type": "WIDGET",
						"bbox": {
							"left": "5%",
							"right": "5%",
							"top": "76.1202%",
							"bottom": "2.0205%",
							"width": "90%",
							"height": "21.8593%"
						},
						"widgetId": "widget_156",
						"setting": {
							"vCenter": false,
							"hCenter": false
						},
						"isPending": false
					},
					"6": {
						"type": "WIDGET",
						"bbox": {
							"left": "0.0000%",
							"right": 0,
							"top": "0.0000%",
							"bottom": "36.2647%",
							"width": "100.0000%",
							"height": "55.3585%"
						},
						"widgetId": "widget_157",
						"setting": {
						}
					},
					"9": {
						"type": "WIDGET",
						"bbox": {
							"left": 0,
							"right": "75.8993%",
							"top": 0,
							"bottom": "93.4673%",
							"width": "22.4832%",
							"height": "7.1038%"
						},
						"widgetId": "widget_158",
						"setting": {
							"vCenter": false,
							"hCenter": false
						},
						"isPending": false
					},
					"11": {
						"type": "WIDGET",
						"bbox": {
							"left": "37.91%",
							"right": "37.0504%",
							"top": "46.3149%",
							"bottom": "35.5946%",
							"width": "24.1611%",
							"height": "19.6721%"
						},
						"widgetId": "widget_159",
						"setting": {
							"vCenter": false,
							"hCenter": false
						},
						"isPending": false
					}
				},
				"order": [
					"4",
					"5",
					"6",
					"9",
					"11"
				],
				"label": "Regular"
			},
			"layout_26": {
				"label": "Hover",
				"type": "FIXED",
				"content": {
					"1": {
						"type": "WIDGET",
						"bbox": {
							"left": "33.3263%",
							"right": "5.00%",
							"top": "18px",
							"bottom": "87.6921%",
							"width": "61.6663%",
							"height": "7.2831%"
						},
						"widgetId": "widget_161",
						"setting": {

							"vCenter": false,
							"hCenter": false,
							"autoProps": {
								"right": false,
								"left": true
							}
						},
						"isPending": false
					},
					"2": {
						"type": "WIDGET",
						"setting": {
							"style": {},

							"vCenter": false,
							"hCenter": false,
							"autoProps": {
								"right": false,
								"left": true
							}
						},
						"bbox": {
							"left": "33.3263%",
							"right": "5.00%",
							"top": "12.1969%",
							"bottom": "80.5200%",
							"width": "61.6663%",
							"height": "7.2831%"
						},
						"widgetId": "widget_162",
						"isPending": false
					},
					"3": {
						"type": "WIDGET",
						"bbox": {
							"left": "5%",
							"right": "5.9990%",
							"top": "26.2903%",
							"bottom": "62.9083%",
							"width": "90%",
							"height": "10.8040%"
						},
						"widgetId": "widget_163",
						"setting": {

							"vCenter": false,
							"hCenter": false
						},
						"isPending": false
					},
					"4": {
						"type": "WIDGET",
						"bbox": {
							"left": "5.00%",
							"right": "5.0073%",
							"top": "38.5246%",
							"bottom": "3.8593%",
							"width": "90.00%",
							"height": "57.6503%"
						},
						"widgetId": "widget_164",
						"setting": {

							"vCenter": false,
							"hCenter": false
						},
						"isPending": false
					},
					"5": {
						"type": "WIDGET",
						"bbox": {
							"left": "5.00%",
							"right": "70.8421%",
							"top": 18,
							"bottom": "75.4781%",
							"width": "24.1611%",
							"height": "19.6721%"
						},
						"widgetId": "widget_159",
						"setting": {

							"vCenter": false,
							"hCenter": false
						},
						"isPending": false
					}
				},
				"order": [
					"1",
					"2",
					"3",
					"4",
					"5"
				]
			}
		},
		"widgets": {
			"widget_x": {
				"config": {
					"REGULAR": {
						"enable": true,
						"backgroundStyle": {
							"border": {
								"type": "solid",
								"color": "var(--light-400)",
								"width": "1px"
							},
							"background": {
								"color": "",
								"fillType": "fit",
								"image": {
									"url": ""
								}
							}
						}
					},
					"HOVER": {
						"enable": true,
						"backgroundStyle": {
							"border": {
								"type": "solid",
								"color": "var(--light-400)",
								"width": "1px"
							},
							"boxShadow": {
								"offsetX": "0px",
								"offsetY": "0px",
								"blur": "0px",
								"spread": "0px",
								"color": ""
							},
							"background": {
								"color": "",
								"fillType": "fit",
								"image": {
									"url": ""
								}
							}
						}
					},
					"itemStyle": "STYLE2",
					"direction": "Horizontal",
					"isItemStyleConfirm":  false,
					"isOpenAdvabceSetting": false,
					"isInitialed": true,
					"transitionInfo": {
						"transition": {
							"type": "None",
							"direction": "H"
						},
						"oneByOneEffect": null
					}
				},
				"layouts": {
					"REGULAR": {
						"LARGE": "layout_25"
					},
					"HOVER": {
						"LARGE": "layout_26"
					}
				}
			},
			"widget_155": {
				"uri": "widgets/common/text/",
				"version": "1.2.0",
				"label": "Text 69",
				"config": {
					"text": "",
					"placeholder": "<p style=\"text-align: center;\"><span style=\"font-size: 20px; color: var(--dark-800);\">${cardTemplateTitle}</span></p>",
					"style": {
						"verticalAlign": "start",
						"wrap": true
					}
				},
				"id": "widget_155"
			},
			"widget_156": {
				"uri": "widgets/common/text/",
				"version": "1.2.0",
				"label": "Text 70",
				"config": {
					"text": "",
					"placeholder": "<p style=\"text-align: center;\"><span style=\"color: var(--dark-800);\">${contentPlaceholder}</span></p>",
					"style": {
						"verticalAlign": "start",
						"wrap": true
					}
				},
				"id": "widget_156"
			},
			"widget_157": {
				"uri": "widgets/common/image/",
				"version": "1.2.0",
				"label": "Image 20",
				"config": {
					"functionConfig": {
						"altText": "",
						"toolTip": "",
						"linkParam": {},
						"scale": "Fit",
						"imageParam": {}
					},
					"styleConfig": {}
				},
				"id": "widget_157"
			},
			"widget_158": {
				"uri": "widgets/common/button/",
				"version": "1.2.0",
				"label": "Button 5",
				"config": {
					"functionConfig": {
						"text": "123",
						"textExpression": null,
						"icon": {
							"data": "<svg viewBox= \"0 0 16 16 \" xmlns= \"http://www.w3.org/2000/svg \" ><g fill= \"none \" fill-rule= \"evenodd \"><path d= \"M8 3c2.583 0 5.166 1.45 7.75 4.349a.972.972 0 010 1.302C13.166 11.551 10.583 13 8 13S2.834 11.55.25 8.651a.972.972 0 010-1.302C2.834 4.449 5.417 3 8 3zm0 1C5.763 4 3.442 5.303 1.039 8 3.442 10.697 5.763 12 8 12s4.558-1.303 6.961-4C12.558 5.303 10.237 4 8 4zm0 7a3 3 0 110-6 3 3 0 010 6zm0-1a2 2 0 100-4 2 2 0 000 4z \" fill= \"currentColor \" fill-rule= \"nonzero \"></path><path d= \"M0 0h16v16H0z \"></path></g></svg>",
							"position": "LEFT"
						}
					},
					"styleConfig": {
						"customStyle": {
							"regular": {
								"background": {
									"color": "success-100",
									"fillType": "fill"
								},
								"border": {
									"type": "solid",
									"color": "var(--light-400)",
									"width": "0px"
								},
								"text": {
									"size": "13px"
								},
								"borderRadius": {
									"unit": "px",
									"number": [
										2,
										2,
										2,
										2
									]
								},
								"iconProps": {
									"color": "var(--black)",
									"size": 14
								}
							},
							"hover": {
								"background": {
									"color": "var(--secondary-100)",
									"fillType": "fill"
								},
								"border": {
									"type": "solid",
									"width": "undefinedpx"
								},
								"text": {
									"size": "14px"
								},
								"borderRadius": {
									"unit": "px",
									"number": [
										2,
										2,
										2,
										2
									]
								},
								"iconProps": {
									"size": 14
								}
							}
						},
						"useCustom": true
					}
				},
				"id": "widget_158"
			},
			"widget_159": {
				"uri": "widgets/common/image/",
				"version": "1.2.0",
				"label": "Image 21",
				"config": {
					"functionConfig": {
						"altText": "",
						"toolTip": "",
						"linkParam": {},
						"scale": "Fit",
						"imageParam": {
							"cropParam": {
								"svgViewBox": "0 0 28 28",
								"svgPath": "M28 14c0 7.732-6.268 14-14 14S0 21.732 0 14 6.268 0 14 0s14 6.268 14 14z",
								"cropShape": "circle"
							}
						},
						"imageFillMode": "FILL",
						"toolTipExpression": null,
						"altTextExpression": null
					},
					"styleConfig": {}
				},
				"id": "widget_159",
				"style": {
					"border": {
						"type": "solid",
						"color": "",
						"width": "0px"
					}
				}
			},
			"widget_161": {
				"uri": "widgets/common/text/",
				"version": "1.2.0",
				"label": "Text 71",
				"config": {
					"text": "",
					"placeholder": "<p>${createdBy}: ${createdAuthorName}</p>",
					"style": {
						"verticalAlign": "start",
						"wrap": true
					}
				},
				"id": "widget_161"
			},
			"widget_162": {
				"uri": "widgets/common/text/",
				"version": "1.2.0",
				"label": "Text 72",
				"config": {
					"text": "",
					"placeholder": "<p>${createdDateTime}</p>",
					"style": {
						"verticalAlign": "start",
						"wrap": true
					}
				},
				"id": "widget_162"
			},
			"widget_163": {
				"uri": "widgets/common/text/",
				"version": "1.2.0",
				"label": "Text 73",
				"config": {
					"text": "<p><br></p>",
					"placeholder": "<p><span style=\"font-size: 20px; color: var(--dark-800);\">${cardTemplateTitle}</span></p>",
					"style": {
						"verticalAlign": "start",
						"wrap": true
					}
				},
				"id": "widget_163"
			},
			"widget_164": {
				"uri": "widgets/common/text/",
				"version": "1.2.0",
				"label": "Text 74",
				"config": {
					"text": "",
					"placeholder": "<p><span style=\"color: var(--dark-800);\">${contentPlaceholder}</span></p>",
					"style": {
						"verticalAlign": "start",
						"wrap": true
					}
				},
				"id": "widget_164"
			}
		},
		"views": {},
		"sections": {}
	}
}
